{
  "intents": [
    {
      "tag": "greeting",
      "patterns": [
        "hello",
        "hi",
        "namaste"
      ],
      "responses": [
        "Hello! Main EduBot hoon — kaise madad karu?"
      ]
    },
    {
      "tag": "college_address",
      "patterns": [
        "college ka address",
        "college kaha hai"
      ],
      "responses": [
        "GLA University, Mathura, Uttar Pradesh."
      ]
    },
    {
      "tag": "courses",
      "patterns": [
        "courses kya hain",
        "available courses"
      ],
      "responses": [
        "B.Tech, BCA, BBA, MCA, MBA aur aur bhi courses uplabdh hain."
      ]
    },
    {
      "tag": "fees",
      "patterns": [
        "fees kya hai",
        "fee structure"
      ],
      "responses": [
        "Fees course ke hisab se alag hoti hai. Admission office se sampark karein."
      ]
    },
    {
      "tag": "admission",
      "patterns": [
        "admission kab hoga",
        "apply kaise kare"
      ],
      "responses": [
        "Admission process online hoti hai college website par."
      ]
    },
    {
      "tag": "hostel",
      "patterns": [
        "hostel hai kya",
        "mess facility"
      ],
      "responses": [
        "Haan, hostel aur mess facility uplabdh hai boys aur girls dono ke liye."
      ]
    },
    {
      "tag": "thanks",
      "patterns": [
        "thank you",
        "shukriya"
      ],
      "responses": [
        "Aapka swagat hai!"
      ]
    }
  ]
}